{"cameraMode":{"drawMode":0,"name":"Shaded","section":"Shading Mode"},"sceneLighting":true,"audioPlay":false,"sceneViewState":{"m_AlwaysRefresh":false,"showFog":true,"showSkybox":true,"showFlares":true,"showImageEffects":true,"showParticleSystems":true,"showVisualEffectGraphs":true,"m_FxEnabled":true},"in2DMode":false,"pivot":{"x":-1.9382585287094117,"y":8.675037384033204,"z":7.672635078430176},"rotation":{"x":0.0014770482666790486,"y":0.9980288743972778,"z":-0.057259559631347659,"w":0.025755956768989564},"size":6.688290596008301,"orthographic":false}