{"cameraMode":{"drawMode":0,"name":"Shaded","section":"Shading Mode"},"sceneLighting":true,"audioPlay":false,"sceneViewState":{"m_AlwaysRefresh":false,"showFog":true,"showSkybox":true,"showFlares":true,"showImageEffects":true,"showParticleSystems":true,"showVisualEffectGraphs":true,"m_FxEnabled":true},"in2DMode":false,"pivot":{"x":1.429434895515442,"y":2.4205007553100588,"z":2.0162370204925539},"rotation":{"x":0.3894701302051544,"y":-0.2569625973701477,"z":0.11410476267337799,"w":0.8770782947540283},"size":2.8194947242736818,"orthographic":false}